<?xml version="1.0" encoding="UTF-8" standalone="no"?><!-- Generated by Oracle SOA Modeler version 11.1.1.7.0 at [28/1/16 2:07 PM]. --><composite xmlns="http://xmlns.oracle.com/sca/1.0" xmlns:orawsp="http://schemas.oracle.com/ws/2006/01/policy" xmlns:ui="http://xmlns.oracle.com/soa/designer/" xmlns:wsp="http://schemas.xmlsoap.org/ws/2004/09/policy" xmlns:xs="http://www.w3.org/2001/XMLSchema" label="2016-01-28_14-07-17_552" mode="active" name="SimpleSOAProject" revision="1.0-SNAPSHOT" state="on">
  <import importType="wsdl" location="BPELProcess1.wsdl" namespace="http://xmlns.oracle.com/TestMavenApp/SimpleSOAProject/BPELProcess1"/>
  <service name="bpelprocess1_client_ep" ui:wsdlLocation="BPELProcess1.wsdl">
    <interface.wsdl interface="http://xmlns.oracle.com/TestMavenApp/SimpleSOAProject/BPELProcess1#wsdl.interface(BPELProcess1)"/>
    <binding.ws port="http://xmlns.oracle.com/TestMavenApp/SimpleSOAProject/BPELProcess1#wsdl.endpoint(bpelprocess1_client_ep/BPELProcess1_pt)"/>
  </service>
  <property many="false" name="productVersion" type="xs:string">11.1.1.7.0</property>
  <component name="BPELProcess1" version="1.1">
    <implementation.bpel src="BPELProcess1.bpel"/>
    <property many="false" name="bpel.config.transaction" type="xs:string">required</property>
    <property many="false" name="bpel.config.oneWayDeliveryPolicy" type="xs:string">async.persist</property>
  </component>
  <wire>
    <source.uri>bpelprocess1_client_ep</source.uri>
    <target.uri>BPELProcess1/bpelprocess1_client</target.uri>
  </wire>
</composite>